{
  "variants": {
    "creeperoverhaul:textures/entity/ocean/brown_1.png": "outlined_sprite:creeperoverhaul/ocean/brown_1.png",
    "creeperoverhaul:textures/entity/ocean/brown_2.png": "outlined_sprite:creeperoverhaul/ocean/brown_2.png",
    "creeperoverhaul:textures/entity/ocean/brown_3.png": "outlined_sprite:creeperoverhaul/ocean/brown_3.png",
    "creeperoverhaul:textures/entity/ocean/teal_1.png": "outlined_sprite:creeperoverhaul/ocean/teal_1.png",
    "creeperoverhaul:textures/entity/ocean/teal_2.png": "outlined_sprite:creeperoverhaul/ocean/teal_2.png",
    "creeperoverhaul:textures/entity/ocean/teal_3.png": "outlined_sprite:creeperoverhaul/ocean/teal_3.png",
    "layersAllowed": true
  }
}